age,sex,cp,trestbps,chol,fbs,restecg,thalach,exang,oldpeak,slope,ca,thal,target,predicted_max_hr,age_adjusted_max_hr,chol_age_ratio,bp_age_ratio
0.9521966015692286,1,3,0.7639557707131766,-0.2563337074803348,1,0,0.01544278556612327,0,1.0873380612201566,0,0,1,1,157,0.9554140127388535,3.6984126984126986,2.3015873015873014
-1.9153128889362694,1,2,-0.09273778415763287,0.07219949163168413,0,1,1.6334714676391573,0,2.1225727275193162,0,0,2,1,183,1.0218579234972678,6.756756756756757,3.5135135135135136
-1.4741575827046542,0,1,-0.09273778415763287,-0.8167726942008378,0,0,0.9775138938257651,0,0.3109120614957871,2,0,2,1,179,0.9608938547486033,4.975609756097561,3.1707317073170733
0.18017481566390225,1,1,-0.6638668207381725,-0.19835726057821382,0,1,1.2398969233511221,0,-0.20670527165379257,2,0,2,1,164,1.0853658536585367,4.214285714285714,2.142857142857143
0.29046364222180604,0,0,-0.6638668207381725,2.082049650905212,0,1,0.5839393495377299,1,-0.37924438270365257,2,0,2,1,163,1.0,6.2105263157894735,2.1052631578947367
0.29046364222180604,1,0,0.47839125242290675,-1.0486784818093218,0,1,-0.07201822427566236,0,-0.5517834937535124,1,0,1,1,163,0.9079754601226994,3.3684210526315788,2.456140350877193
0.18017481566390225,0,1,0.47839125242290675,0.922520712862792,0,0,0.1466343003288017,0,0.22464250597085725,1,0,2,1,164,0.9329268292682927,5.25,2.5
-1.143291103030943,1,1,-0.6638668207381725,0.3234307615408751,0,1,1.021244398746658,0,-0.8968617158532323,2,0,3,1,176,0.9829545454545454,5.9772727272727275,2.727272727272727
-0.26098049056771283,1,2,2.3060041694806337,-0.9134001057043727,1,1,0.540208844616837,0,-0.4655139382285825,2,0,3,1,168,0.9642857142857143,3.826923076923077,3.3076923076923075
0.29046364222180604,1,2,1.0495202890034463,-1.5124900570262896,0,1,1.0649749036675509,0,0.4834511725456472,2,0,2,1,163,1.0674846625766872,2.9473684210526314,2.6315789473684212
-0.040402837451905274,1,0,0.47839125242290675,-0.14038081367609284,0,1,0.4527478347750514,0,0.1383729504459272,2,0,2,1,166,0.963855421686747,4.425925925925926,2.5925925925925926
-0.7021357967993279,0,2,-0.09273778415763287,0.555336549149359,0,1,-0.4655927685636977,0,-0.7243226048033724,2,0,2,1,172,0.8081395348837209,5.729166666666667,2.7083333333333335
-0.5918469702414241,1,1,-0.09273778415763287,0.3814072084429961,0,1,0.9337833889048723,0,-0.37924438270365257,2,0,2,1,171,1.0,5.428571428571429,2.6530612244897958
1.0624854281271323,1,3,-1.234995857318712,-0.6814943180958888,0,0,-0.2469402439592336,1,0.655990283595507,1,0,2,1,156,0.9230769230769231,3.296875,1.71875
0.40075246877970977,0,3,1.0495202890034463,0.709940407555015,1,0,0.540208844616837,0,-0.03416616060393269,2,0,2,1,162,1.0,4.879310344827586,2.586206896551724
-0.48155814368352035,0,2,-0.6638668207381725,-0.5268904596902327,0,1,0.3652868249332658,0,0.4834511725456472,1,0,2,1,170,0.9294117647058824,4.38,2.4
0.40075246877970977,0,2,-0.6638668207381725,1.8114928986953138,0,1,0.9775138938257651,0,-0.8968617158532323,2,0,2,1,162,1.0617283950617284,5.862068965517241,2.0689655172413794
1.28306308124294,0,3,1.0495202890034463,-0.39161208358528377,0,1,-1.558855391586018,0,1.3461467277949468,0,0,2,1,154,0.7402597402597403,3.4242424242424243,2.272727272727273
-1.2535799295888468,1,0,1.0495202890034463,0.01422304472956314,0,1,0.9337833889048723,0,0.39718161702071714,2,0,2,1,177,0.9661016949152542,5.744186046511628,3.488372093023256
1.6139295609166513,0,3,0.47839125242290675,-0.14038081367609284,0,1,0.059173290487016084,0,0.655990283595507,2,2,2,1,151,1.0,3.463768115942029,2.028985507246377
0.5110412953376136,1,0,0.19282673413263696,-0.23700822517962783,0,1,0.49647833969594424,0,-0.4655139382285825,1,0,3,1,161,1.0,3.9661016949152543,2.288135593220339
-1.143291103030943,1,2,-0.09273778415763287,-0.2563337074803348,0,1,1.2836274282720148,1,-0.5517834937535124,2,0,2,1,176,1.0170454545454546,5.295454545454546,2.9545454545454546
-1.3638687561467504,1,0,0.47839125242290675,-0.39161208358528377,0,1,1.2398969233511221,0,-0.8968617158532323,2,0,2,1,178,1.0,5.380952380952381,3.3333333333333335
0.7316189484534211,1,2,1.0495202890034463,-0.06307888447326485,1,1,-0.5530537784054833,1,-0.03416616060393269,1,0,2,1,159,0.8616352201257862,3.9836065573770494,2.459016393442623
-1.584446409262558,1,3,0.47839125242290675,-0.9134001057043727,0,1,1.2398969233511221,1,0.3109120614957871,2,0,3,1,180,0.9888888888888889,4.975,3.5
1.8345072140324588,0,1,1.620649325583986,1.0771245712684479,0,1,0.540208844616837,0,-0.5517834937535124,2,2,2,1,149,1.087248322147651,4.253521126760563,2.2535211267605635
0.5110412953376136,1,2,1.0495202890034463,-0.6621688357951817,1,1,0.321556320012373,0,0.4834511725456472,2,0,2,1,161,0.9751552795031055,3.593220338983051,2.542372881355932
-0.37126931712561656,1,2,-1.234995857318712,-1.3772116809213406,0,1,-1.1652808472979828,0,-0.37924438270365257,2,0,2,1,169,0.727810650887574,3.4313725490196076,2.156862745098039
1.1727742546850362,0,2,0.47839125242290675,3.2995550358497527,1,0,0.321556320012373,0,-0.20670527165379257,2,1,2,1,155,1.0129032258064516,6.415384615384616,2.1538461538461537
-0.15069166400980905,1,2,-0.09273778415763287,-0.9520510703057867,1,0,0.1029037954079089,0,0.1383729504459272,0,0,2,1,167,0.9101796407185628,3.7169811320754715,2.452830188679245
-1.4741575827046542,0,1,-1.520560375608982,-0.9327255880050797,0,1,0.8025918741421939,0,-0.8968617158532323,2,1,2,1,179,0.9385474860335196,4.829268292682927,2.5609756097560976
1.1727742546850362,1,0,-0.6638668207381725,-1.3385607163199267,0,1,-0.4218622636428049,0,-0.5517834937535124,2,0,3,1,155,0.9032258064516129,2.723076923076923,1.8461538461538463
-1.143291103030943,1,1,-0.09273778415763287,-0.5268904596902327,0,0,1.6772019725600502,0,-0.8968617158532323,2,0,2,1,176,1.0681818181818181,4.9772727272727275,2.9545454545454546
-0.040402837451905274,1,2,-0.3783023024479027,0.516685584547945,0,0,0.1029037954079089,0,-0.4655139382285825,0,1,2,1,166,0.9156626506024096,5.055555555555555,2.314814814814815
-0.37126931712561656,1,3,-0.3783023024479027,-0.6428433534944747,0,0,-1.0778198374561971,1,0.3109120614957871,2,1,2,1,169,0.7396449704142012,4.176470588235294,2.450980392156863
-0.9227134499151354,0,2,0.5926170597390147,-1.3385607163199267,0,0,0.4527478347750514,1,0.3109120614957871,0,0,2,1,174,0.9195402298850575,3.847826086956522,3.0869565217391304
-0.040402837451905274,0,2,0.19282673413263696,1.115775535869862,1,1,0.8900528839839795,0,-0.8968617158532323,2,0,2,1,166,1.0240963855421688,5.62962962962963,2.5
-0.040402837451905274,1,2,1.0495202890034463,-0.2756591897810418,0,0,0.6714003593795155,0,0.4834511725456472,2,0,3,1,166,0.9939759036144579,4.296296296296297,2.7777777777777777
1.1727742546850362,0,2,1.3350848072937163,0.4393836553451171,0,1,-0.07201822427566236,0,-0.20670527165379257,2,0,2,1,155,0.9548387096774194,4.138461538461539,2.3846153846153846
1.1727742546850362,0,2,1.620649325583986,2.1980025447094538,0,0,0.059173290487016084,0,-0.20670527165379257,2,0,2,1,155,0.9741935483870968,5.538461538461538,2.4615384615384617
-0.37126931712561656,0,2,0.47839125242290675,1.1930774650726899,0,0,-0.33440125380101926,0,0.39718161702071714,2,1,2,1,169,0.8402366863905325,6.03921568627451,2.7450980392156863
-0.7021357967993279,1,1,-0.09273778415763287,-0.024427919871850855,0,0,1.3273579331929077,0,-0.7243226048033724,1,0,2,1,172,1.0465116279069768,5.104166666666667,2.7083333333333335
-1.033002276473039,1,0,-1.5776732792670358,-0.7394707649980097,0,0,-0.07201822427566236,1,1.6912249498946665,1,0,2,1,175,0.8457142857142858,4.622222222222222,2.311111111111111
-0.15069166400980905,0,0,-0.09273778415763287,0.3427562438415821,0,0,-0.29067074888012645,0,-0.5517834937535124,1,0,2,1,167,0.8562874251497006,4.981132075471698,2.452830188679245
-1.6947352358204617,1,2,0.47839125242290675,1.4443087349818808,0,0,1.4148189430346934,0,-0.8968617158532323,2,0,2,1,181,1.0055248618784531,8.23076923076923,3.58974358974359
-0.26098049056771283,1,1,-0.6638668207381725,1.521610664184709,0,1,0.9775138938257651,0,-0.7243226048033724,2,0,2,1,168,1.0238095238095237,6.25,2.3076923076923075
-1.143291103030943,1,2,0.47839125242290675,-0.2176827428789208,0,0,1.3273579331929077,0,-0.8968617158532323,2,0,2,1,176,1.0227272727272727,5.340909090909091,3.1818181818181817
-0.8124246233572316,1,2,0.3641654451067988,0.2074778677366331,0,0,0.27782581509148013,0,-0.8968617158532323,2,0,2,1,173,0.9017341040462428,5.468085106382978,2.9361702127659575
-0.15069166400980905,0,2,-0.2069635914737408,-0.5848669065923537,0,0,-1.5151248866651252,0,-0.8968617158532323,2,0,0,1,167,0.688622754491018,4.0754716981132075,2.4150943396226414
-0.15069166400980905,0,0,0.3641654451067988,-0.23700822517962783,0,0,0.4527478347750514,0,-0.8968617158532323,2,0,2,1,167,0.9580838323353293,4.415094339622642,2.6037735849056602
-0.37126931712561656,0,2,-0.09273778415763287,0.1881523854359261,0,0,-0.028287719354769543,0,-0.4655139382285825,2,0,2,1,169,0.8816568047337278,5.019607843137255,2.549019607843137
1.28306308124294,1,0,-0.6638668207381725,1.0771245712684479,0,0,0.059173290487016084,0,-0.5517834937535124,1,0,2,1,154,0.9805194805194806,4.575757575757576,1.8181818181818181
0.8419077750113249,1,2,-0.09273778415763287,-0.29498467208174883,0,1,-0.159479234117448,0,0.655990283595507,1,3,3,1,158,0.9240506329113924,3.725806451612903,2.096774193548387
-1.143291103030943,0,2,-1.34922166463482,-2.0342780791453787,0,1,1.1087054085884436,0,-0.37924438270365257,1,0,2,1,176,0.9943181818181818,3.2045454545454546,2.4545454545454546
0.9521966015692286,0,2,0.19282673413263696,0.11085045623309812,0,0,0.9775138938257651,0,-0.8968617158532323,2,0,2,1,157,1.0955414012738853,4.0,2.142857142857143
-0.26098049056771283,1,1,0.135713830474583,-0.8747491411029588,0,1,0.3652868249332658,0,-0.20670527165379257,2,1,2,1,168,0.9404761904761905,3.8653846153846154,2.576923076923077
-0.7021357967993279,1,0,-0.5496410134220646,-0.4689140127881118,0,0,1.5897409627182646,0,-0.8968617158532323,2,0,2,1,172,1.0813953488372092,4.625,2.5416666666666665
-1.033002276473039,1,0,-0.9494313390284423,0.2654543146387541,0,0,1.5460104577973717,0,-0.8968617158532323,2,0,2,1,175,1.0571428571428572,5.777777777777778,2.5555555555555554
-2.2461793686099805,1,3,-0.7780926280542805,-1.2419333048163916,0,0,1.0649749036675509,0,-0.8968617158532323,2,0,2,1,186,0.9354838709677419,5.352941176470588,3.4705882352941178
0.29046364222180604,0,0,-0.2069635914737408,1.096450053569155,0,0,0.4090173298541586,0,-0.8968617158532323,2,1,2,1,163,0.9754601226993865,5.315789473684211,2.245614035087719
1.8345072140324588,0,2,-1.234995857318712,0.36208172614228906,1,0,-0.859167312851733,0,-0.8968617158532323,2,1,2,1,149,0.87248322147651,3.732394366197183,1.5492957746478873
-0.040402837451905274,1,1,-1.34922166463482,1.212402947373397,0,1,0.27782581509148013,0,-0.8968617158532323,2,0,3,1,166,0.9397590361445783,5.722222222222222,2.0
-0.26098049056771283,1,3,-0.7780926280542805,-1.1646313756135636,0,0,1.7646629824018358,0,-0.8968617158532323,1,0,1,1,168,1.130952380952381,3.576923076923077,2.269230769230769
-1.4741575827046542,1,1,0.19282673413263696,-0.8360981765015447,0,1,-0.7717063030099474,0,-0.8968617158532323,1,0,1,1,179,0.7374301675977654,4.951219512195122,3.292682926829268
0.40075246877970977,1,2,0.47839125242290675,-0.6814943180958888,1,0,0.6714003593795155,0,-0.8968617158532323,2,0,2,1,162,1.0185185185185186,3.6379310344827585,2.413793103448276
-2.135890542052077,0,0,0.3641654451067988,-1.2226078225156847,0,1,1.4148189430346934,0,0.3109120614957871,2,0,2,1,185,0.9837837837837838,5.228571428571429,3.942857142857143
-0.37126931712561656,1,2,-1.8061248938992518,-0.4689140127881118,0,1,-0.29067074888012645,1,0.1383729504459272,1,0,2,1,169,0.8461538461538461,4.352941176470588,1.9607843137254901
-1.033002276473039,0,1,-0.09273778415763287,-0.23700822517962783,0,0,1.1087054085884436,0,-0.37924438270365257,1,0,2,1,175,1.0,5.2,2.888888888888889
-1.143291103030943,1,1,-0.6638668207381725,-0.5075649773895258,0,1,0.8900528839839795,0,-0.8968617158532323,2,0,2,1,176,0.9659090909090909,5.0,2.727272727272727
0.8419077750113249,0,0,-0.43541520610595663,-0.7201452826973027,0,1,0.5839393495377299,0,-0.8968617158532323,2,0,2,1,158,1.0316455696202531,3.370967741935484,2.0
-0.040402837451905274,1,2,-0.6638668207381725,0.2268033500373401,0,0,-0.11574872919655517,0,-0.5517834937535124,1,0,3,1,166,0.8855421686746988,4.777777777777778,2.2222222222222223
-0.37126931712561656,1,2,-2.1488023158475755,-0.3722866012845768,0,1,0.19036480524969454,1,-0.8968617158532323,2,1,3,1,169,0.9112426035502958,4.450980392156863,1.8431372549019607
-2.7976235013994994,1,1,-0.09273778415763287,-0.8167726942008378,0,0,2.2894290414525496,0,-0.8968617158532323,2,0,2,1,191,1.057591623036649,7.0344827586206895,4.482758620689655
-0.37126931712561656,1,0,0.47839125242290675,0.2847797969394611,0,0,1.5897409627182646,1,-0.8968617158532323,2,0,2,1,169,1.1005917159763314,5.117647058823529,2.7450980392156863
-1.2535799295888468,0,2,-0.5496410134220646,-0.6428433534944747,0,1,0.6714003593795155,0,-0.7243226048033724,1,0,2,1,177,0.9322033898305084,4.953488372093023,2.8372093023255816
0.06988598910599848,0,1,0.19282673413263696,0.07219949163168413,0,0,0.49647833969594424,0,0.3109120614957871,1,0,2,1,165,0.9757575757575757,4.545454545454546,2.4545454545454546
-0.37126931712561656,1,2,-0.3783023024479027,-0.024427919871850855,1,0,0.7151308643004083,0,1.1736076167450866,1,0,2,1,169,0.9822485207100592,4.803921568627451,2.450980392156863
0.5110412953376136,1,1,0.47839125242290675,-0.48823949508881875,0,1,0.6276698544586227,1,-0.8968617158532323,2,0,2,1,161,1.0186335403726707,3.7457627118644066,2.3728813559322033
-0.26098049056771283,1,1,-0.2069635914737408,-0.7974472119001307,1,1,1.502279952876479,0,-0.8968617158532323,2,0,2,1,168,1.0952380952380953,3.9423076923076925,2.4615384615384617
0.40075246877970977,1,2,-1.520560375608982,-0.12105533137538584,0,0,0.19036480524969454,1,-0.37924438270365257,1,0,3,1,162,0.9506172839506173,4.137931034482759,1.8103448275862069
-1.4741575827046542,1,2,-1.120770050002604,0.07219949163168413,0,1,1.2836274282720148,0,-0.8968617158532323,2,0,2,1,179,1.0,6.097560975609756,2.731707317073171
-1.033002276473039,1,1,-0.2069635914737408,1.1930774650726899,0,0,0.8900528839839795,0,-0.8968617158532323,2,0,2,1,175,0.9714285714285714,6.844444444444444,2.8444444444444446
0.6213301218955173,0,2,-1.6918990865831438,1.38633228807976,0,1,0.4527478347750514,0,-0.8968617158532323,2,1,2,1,160,1.0,5.3,1.7
-0.26098049056771283,1,3,1.1637460963195543,0.99982264206562,1,1,1.2398969233511221,0,0.1383729504459272,1,0,3,1,168,1.0595238095238095,5.730769230769231,2.923076923076923
-1.3638687561467504,0,0,-1.6918990865831438,0.36208172614228906,0,0,-1.2090113522188755,0,-0.37924438270365257,1,0,2,1,178,0.6853932584269663,6.309523809523809,2.4285714285714284
1.3933519078008436,0,2,-0.9494313390284423,6.14040093405368,0,0,0.4527478347750514,0,0.4834511725456472,1,0,3,1,153,1.0457516339869282,8.417910447761194,1.7164179104477613
1.5036407343587475,1,2,-0.7780926280542805,0.5939875137507731,0,1,0.059173290487016084,0,-0.03416616060393269,2,1,3,1,152,0.993421052631579,4.073529411764706,1.7352941176470589
-0.9227134499151354,1,1,-1.7490119902411978,-0.9520510703057867,1,1,0.27782581509148013,0,-0.8968617158532323,2,0,3,1,174,0.896551724137931,4.282608695652174,2.1956521739130435
-0.040402837451905274,0,2,-1.234995857318712,-0.6235178711937678,0,1,0.3652868249332658,0,0.4834511725456472,1,0,2,1,166,0.9518072289156626,3.962962962962963,2.037037037037037
0.40075246877970977,0,0,-1.8061248938992518,0.033548527030270135,0,0,-1.2090113522188755,0,-0.03416616060393269,1,0,2,1,162,0.7530864197530864,4.275862068965517,1.7241379310344827
-0.7021357967993279,1,2,-0.43541520610595663,0.16882690313521911,1,1,1.1087054085884436,0,-0.8968617158532323,2,2,2,1,172,1.0174418604651163,5.3125,2.5833333333333335
0.29046364222180604,1,0,0.021488023158475058,-0.7587962472987168,0,1,0.8025918741421939,1,-0.8968617158532323,2,0,3,1,163,1.030674846625767,3.6315789473684212,2.3157894736842106
-0.26098049056771283,1,2,0.3641654451067988,-0.44958853048740477,0,1,0.8463223790630867,0,-0.8968617158532323,2,4,2,1,168,1.005952380952381,4.288461538461538,2.6538461538461537
-0.040402837451905274,0,1,0.021488023158475058,0.80656781905855,1,0,0.4090173298541586,1,-0.8968617158532323,2,1,2,1,166,0.9578313253012049,5.333333333333333,2.4444444444444446
-1.033002276473039,0,1,-1.120770050002604,-1.6670939154319455,0,1,-0.5093232734845905,0,-0.8968617158532323,1,0,2,1,175,0.7885714285714286,3.5555555555555554,2.488888888888889
-0.15069166400980905,1,0,0.5926170597390147,-0.39161208358528377,0,0,-1.6900469063486965,1,-0.8968617158532323,2,0,3,1,167,0.6646706586826348,4.264150943396227,2.6792452830188678
0.8419077750113249,0,0,0.47839125242290675,2.8550689429334914,0,0,0.321556320012373,0,0.1383729504459272,1,0,2,1,158,0.9936708860759493,6.354838709677419,2.2580645161290325
-0.26098049056771283,1,0,-1.34922166463482,-0.2563337074803348,1,1,-0.11574872919655517,0,-0.8105921603283024,2,3,3,1,168,0.875,4.480769230769231,2.076923076923077
-1.2535799295888468,1,2,-0.09273778415763287,1.3283558411776388,0,1,0.540208844616837,0,0.7422598391204369,2,1,2,1,177,0.9152542372881356,7.325581395348837,3.0232558139534884
-0.15069166400980905,1,2,-0.09273778415763287,-0.0051024375711438575,1,0,1.021244398746658,0,-0.8968617158532323,2,3,2,1,167,1.035928143712575,4.6415094339622645,2.452830188679245
-1.3638687561467504,1,3,0.9352944816873384,-0.043753402172557854,0,0,1.2398969233511221,0,-0.20670527165379257,2,2,2,1,178,1.0,5.809523809523809,3.5238095238095237
0.5110412953376136,1,3,2.648681591428957,0.45870913764582405,0,0,-0.2032097390383408,0,2.7264596161938264,0,0,3,1,161,0.9006211180124224,4.576271186440678,3.016949152542373
0.9521966015692286,0,1,0.47839125242290675,-0.9907020349072007,0,1,1.2836274282720148,0,-0.8968617158532323,2,2,2,1,157,1.1401273885350318,3.0952380952380953,2.2222222222222223
-1.3638687561467504,1,2,-0.6638668207381725,-0.12105533137538584,1,1,1.939585002085407,0,-0.20670527165379257,0,0,3,1,178,1.0898876404494382,5.714285714285714,2.857142857142857
-0.48155814368352035,1,2,-0.14985068781568683,-0.9713765526064937,0,1,0.5839393495377299,0,-0.8968617158532323,2,0,2,1,170,0.9588235294117647,3.92,2.58
1.5036407343587475,0,2,-0.6638668207381725,-0.6814943180958888,0,0,-1.5151248866651252,0,0.39718161702071714,1,0,2,1,152,0.756578947368421,3.1029411764705883,1.7647058823529411
1.6139295609166513,1,3,1.620649325583986,-0.23700822517962783,1,0,-0.8154368079308402,0,-0.8105921603283024,1,1,2,1,151,0.8675496688741722,3.391304347826087,2.318840579710145
-1.033002276473039,0,0,0.3641654451067988,-0.19835726057821382,0,0,0.1029037954079089,1,-0.7243226048033724,1,0,2,1,175,0.8685714285714285,5.2444444444444445,3.066666666666667
-0.48155814368352035,0,1,-0.6638668207381725,-0.043753402172557854,0,1,0.540208844616837,0,0.05210339492099735,2,0,2,1,170,0.9529411764705882,4.88,2.4
-0.48155814368352035,0,0,-1.234995857318712,0.14950142083451212,0,0,0.4090173298541586,0,-0.8968617158532323,2,0,2,1,170,0.9352941176470588,5.08,2.2
1.0624854281271323,0,0,2.762907398745065,1.521610664184709,0,1,0.19036480524969454,1,-0.8968617158532323,2,0,2,1,156,0.9871794871794872,5.078125,2.8125
0.29046364222180604,1,2,1.0495202890034463,-2.3241603136559834,1,1,1.021244398746658,0,-0.7243226048033724,2,1,3,1,163,1.0613496932515338,2.210526315789474,2.6315789473684212
1.0624854281271323,0,2,0.47839125242290675,1.289704876576225,0,1,-0.7279757980890545,0,-0.7243226048033724,2,0,3,1,156,0.8525641025641025,4.890625,2.1875
-1.2535799295888468,1,0,-1.234995857318712,-0.6814943180958888,0,1,0.49647833969594424,0,-0.8968617158532323,2,0,3,1,177,0.9096045197740112,4.906976744186046,2.558139534883721
0.06988598910599848,1,1,-0.09273778415763287,0.3041052792401681,0,1,0.23409531017058735,0,-0.8968617158532323,2,0,2,1,165,0.9393939393939394,4.763636363636364,2.3636363636363638
-1.9153128889362694,0,2,-0.6638668207381725,-0.6041923888930607,0,1,0.8900528839839795,0,-0.8968617158532323,2,0,2,1,183,0.9289617486338798,5.8108108108108105,3.2432432432432434
-1.4741575827046542,1,2,-0.09273778415763287,-0.6235178711937678,0,0,0.8025918741421939,0,0.8285293946453669,1,0,2,1,179,0.9385474860335196,5.219512195121951,3.1707317073170733
0.18017481566390225,1,3,-0.6638668207381725,-1.0293529995086146,0,0,0.540208844616837,0,0.7422598391204369,1,0,3,1,164,0.9878048780487805,3.4464285714285716,2.142857142857143
-0.9227134499151354,0,1,-1.520560375608982,-0.8167726942008378,0,1,0.9775138938257651,0,-0.8968617158532323,2,0,2,1,174,0.9885057471264368,4.434782608695652,2.282608695652174
-0.9227134499151354,0,0,0.3641654451067988,-0.06307888447326485,0,0,0.1029037954079089,1,-0.8968617158532323,1,0,2,1,174,0.8735632183908046,5.282608695652174,3.0
1.0624854281271323,0,0,-0.09273778415763287,1.096450053569155,0,1,-1.2090113522188755,0,0.8285293946453669,1,2,2,1,156,0.782051282051282,4.734375,2.03125
0.5110412953376136,1,0,0.3641654451067988,0.47803461994653107,0,0,1.4148189430346934,0,-0.8968617158532323,2,0,2,1,161,1.1304347826086956,4.593220338983051,2.3389830508474576
-1.4741575827046542,0,2,-1.120770050002604,0.42005817304441007,0,0,0.9775138938257651,1,-0.8968617158532323,2,0,2,1,179,0.9608938547486033,6.536585365853658,2.731707317073171
-0.040402837451905274,0,2,-1.34922166463482,0.40073269074370305,0,0,0.7588613692213011,0,-0.8968617158532323,2,0,2,1,166,1.0060240963855422,4.944444444444445,2.0
-1.6947352358204617,0,2,-2.1488023158475755,-0.9134001057043727,0,1,1.2836274282720148,0,-0.8968617158532323,2,0,2,1,181,0.988950276243094,5.102564102564102,2.41025641025641
-2.2461793686099805,0,1,-0.7780926280542805,-0.7008198003965957,0,1,1.8521239922436215,0,-0.29297482717872264,2,0,2,1,186,1.032258064516129,6.176470588235294,3.4705882352941178
-0.8124246233572316,1,0,-1.120770050002604,-0.8167726942008378,0,1,-0.29067074888012645,0,-0.8105921603283024,2,0,2,1,173,0.8265895953757225,4.340425531914893,2.382978723404255
1.3933519078008436,0,2,1.1637460963195543,0.5939875137507731,0,1,0.9775138938257651,0,-0.8968617158532323,2,1,2,1,153,1.1241830065359477,4.134328358208955,2.2686567164179103
-0.26098049056771283,0,2,0.24993963779069092,-0.9713765526064937,0,0,0.8463223790630867,0,-0.8105921603283024,1,0,2,1,168,1.005952380952381,3.769230769230769,2.6153846153846154
2.16537369370617,0,1,-0.6638668207381725,0.4393836553451171,0,0,-1.2527418571397684,1,-0.7243226048033724,2,1,2,1,146,0.8287671232876712,3.635135135135135,1.6216216216216217
-0.040402837451905274,0,2,1.620649325583986,-0.8747491411029588,0,1,0.5839393495377299,0,-0.8968617158532323,2,1,2,1,166,0.9819277108433735,3.7222222222222223,2.962962962962963
-0.5918469702414241,0,1,0.135713830474583,0.47803461994653107,0,1,0.540208844616837,0,-0.8968617158532323,1,0,2,1,171,0.9473684210526315,5.530612244897959,2.7346938775510203
-1.3638687561467504,1,1,-0.6638668207381725,0.941846195163499,0,1,0.540208844616837,0,-0.8968617158532323,2,0,2,1,178,0.9101123595505618,7.023809523809524,2.857142857142857
-1.4741575827046542,1,1,-1.234995857318712,-0.2176827428789208,0,1,0.1466343003288017,0,-0.8968617158532323,2,0,2,1,179,0.8547486033519553,5.7317073170731705,2.682926829268293
-1.4741575827046542,0,1,-0.3211893987898487,1.154426500471276,0,1,0.5839393495377299,0,-0.8968617158532323,2,0,2,1,179,0.9106145251396648,7.463414634146342,3.073170731707317
-0.5918469702414241,0,0,-0.09273778415763287,0.4393836553451171,0,1,0.5839393495377299,0,-0.8968617158532323,2,0,2,1,171,0.9532163742690059,5.489795918367347,2.6530612244897958
0.6213301218955173,0,2,-0.6638668207381725,-1.3192352340192197,1,1,-2.3460044801620885,0,-0.8968617158532323,2,0,2,1,160,0.6,2.966666666666667,2.0
0.8419077750113249,1,1,-0.2069635914737408,-0.7394707649980097,1,0,-0.4218622636428049,0,-0.8968617158532323,2,0,2,1,158,0.8860759493670886,3.3548387096774195,2.064516129032258
0.29046364222180604,1,0,-1.234995857318712,-0.8747491411029588,0,1,-1.0340893325353042,1,0.39718161702071714,1,0,1,1,163,0.7730061349693251,3.526315789473684,1.9298245614035088
1.0624854281271323,1,0,-0.2069635914737408,0.3234307615408751,0,1,-1.9524299358740533,1,-0.7243226048033724,1,1,3,1,156,0.6730769230769231,4.109375,2.0
-0.37126931712561656,0,2,-0.6638668207381725,0.941846195163499,0,0,0.321556320012373,0,-0.37924438270365257,2,0,2,1,169,0.9289940828402367,5.784313725490196,2.3529411764705883
-1.2535799295888468,1,0,-0.9494313390284423,1.096450053569155,0,1,1.3710884381138004,0,0.1383729504459272,1,0,2,1,177,1.0225988700564972,7.046511627906977,2.6744186046511627
-1.3638687561467504,0,2,-0.6638668207381725,-0.7201452826973027,0,1,1.021244398746658,0,-0.8968617158532323,1,0,2,1,178,0.9719101123595506,4.976190476190476,2.857142857142857
1.3933519078008436,0,0,-1.463447471950928,-0.44958853048740477,0,1,-0.33440125380101926,0,-0.6380530492784424,2,2,2,1,153,0.9281045751633987,3.328358208955224,1.5820895522388059
2.3859513468219777,0,2,0.47839125242290675,-0.9520510703057867,0,2,-1.4713943817442323,0,0.05210339492099735,1,0,2,1,144,0.8055555555555556,2.5921052631578947,1.8421052631578947
1.724218387474555,1,1,1.3921977109517703,-0.024427919871850855,0,0,-0.29067074888012645,0,-0.8968617158532323,2,0,2,1,150,0.9533333333333334,3.5,2.2285714285714286
-1.143291103030943,0,2,-0.7780926280542805,-0.08240436677397184,0,1,-0.028287719354769543,0,-0.6380530492784424,1,1,2,1,176,0.8465909090909091,5.5,2.6818181818181817
0.6213301218955173,0,3,1.0495202890034463,-0.12105533137538584,0,1,0.9337833889048723,0,-0.12043571612886263,2,0,2,1,160,1.06875,4.0,2.5
-1.143291103030943,1,2,-0.6638668207381725,-0.39161208358528377,0,1,0.8463223790630867,0,-0.8968617158532323,2,0,2,1,176,0.9602272727272727,5.136363636363637,2.727272727272727
-1.3638687561467504,1,2,-0.09273778415763287,-1.2805842694178056,0,1,0.01544278556612327,0,-0.8968617158532323,2,0,2,1,178,0.8426966292134831,4.285714285714286,3.0952380952380953
1.28306308124294,1,0,1.620649325583986,-0.3529611189838698,0,0,-0.5093232734845905,0,1.0873380612201566,2,0,1,1,154,0.8961038961038961,3.4545454545454546,2.4242424242424243
1.8345072140324588,0,0,-1.120770050002604,-1.8796742207397226,0,1,-1.0778198374561971,0,0.4834511725456472,1,0,2,1,149,0.8389261744966443,2.0985915492957745,1.5774647887323943
1.0624854281271323,1,3,2.1917783621645257,-0.3722866012845768,0,0,0.23409531017058735,0,-0.37924438270365257,1,0,3,1,156,0.9935897435897436,3.546875,2.65625
1.28306308124294,0,2,0.8210686743712305,0.61331299605148,0,0,0.1029037954079089,0,-0.8968617158532323,1,1,2,1,154,0.987012987012987,4.212121212121212,2.212121212121212
-1.6947352358204617,0,2,0.3641654451067988,-0.5075649773895258,0,1,0.1029037954079089,0,-0.8968617158532323,1,0,2,1,181,0.8397790055248618,5.641025641025641,3.5384615384615383
0.40075246877970977,0,0,-0.09273778415763287,-0.9520510703057867,0,1,-0.8154368079308402,0,-0.37924438270365257,1,0,2,1,162,0.808641975308642,3.396551724137931,2.2413793103448274
-0.8124246233572316,1,2,-0.09273778415763287,0.13017593853380513,0,1,1.2836274282720148,0,-0.8968617158532323,2,0,2,1,173,1.0346820809248556,5.382978723404255,2.765957446808511
-2.135890542052077,1,1,-0.5496410134220646,-1.0486784818093218,0,1,1.0649749036675509,0,-0.8968617158532323,2,0,2,1,185,0.9405405405405406,5.485714285714286,3.4857142857142858
0.40075246877970977,1,1,-0.3783023024479027,-0.5075649773895258,0,1,-0.2469402439592336,0,-0.5517834937535124,1,4,3,1,162,0.8888888888888888,3.793103448275862,2.1551724137931036
0.18017481566390225,1,1,-0.09273778415763287,-0.48823949508881875,0,0,0.5839393495377299,0,-0.8968617158532323,2,0,3,1,164,0.9939024390243902,3.9464285714285716,2.3214285714285716
0.18017481566390225,1,1,-0.6638668207381725,-0.12105533137538584,0,1,0.8463223790630867,0,-0.8968617158532323,0,0,2,1,164,1.0304878048780488,4.285714285714286,2.142857142857143
0.06988598910599848,0,1,0.021488023158475058,1.8501438632967278,0,1,0.7151308643004083,0,0.1383729504459272,2,0,2,1,165,1.006060606060606,6.218181818181818,2.4
-1.4741575827046542,1,1,-0.6638668207381725,-1.7250703623340666,0,1,1.4148189430346934,0,-0.8968617158532323,2,0,2,1,179,1.0167597765363128,3.8292682926829267,2.926829268292683
-1.8050240623783655,1,2,0.3641654451067988,-1.3772116809213406,0,1,1.021244398746658,0,-0.8968617158532323,2,4,2,1,182,0.9505494505494505,4.605263157894737,3.6315789473684212
-1.8050240623783655,1,2,0.3641654451067988,-1.3772116809213406,0,1,1.021244398746658,0,-0.8968617158532323,2,4,2,1,182,0.9505494505494505,4.605263157894737,3.6315789473684212
1.3933519078008436,1,0,1.620649325583986,0.767916854457136,0,0,-1.821238421111375,1,0.39718161702071714,1,3,2,0,153,0.7058823529411765,4.268656716417911,2.388059701492537
1.3933519078008436,1,0,-0.6638668207381725,-0.3336356366831628,0,0,-0.9028978177726258,1,1.3461467277949468,1,2,3,0,153,0.8431372549019608,3.417910447761194,1.791044776119403
0.8419077750113249,0,0,0.47839125242290675,0.42005817304441007,0,0,0.4527478347750514,0,2.2088422830442465,0,2,2,0,158,1.0126582278481013,4.32258064516129,2.2580645161290325
0.9521966015692286,1,0,-0.09273778415763287,0.14950142083451212,0,0,-0.11574872919655517,0,0.3109120614957871,1,1,3,0,157,0.9363057324840764,4.031746031746032,2.0634920634920637
-0.15069166400980905,1,0,0.47839125242290675,-0.8360981765015447,1,0,0.23409531017058735,1,1.7774945054195965,0,0,3,0,167,0.9281437125748503,3.830188679245283,2.641509433962264
0.18017481566390225,1,2,-0.09273778415763287,0.1881523854359261,1,0,-0.33440125380101926,1,-0.37924438270365257,1,1,1,0,164,0.8658536585365854,4.571428571428571,2.3214285714285716
-0.7021357967993279,1,1,-1.234995857318712,-0.3336356366831628,0,1,0.8025918741421939,0,-0.03416616060393269,0,0,3,0,172,0.9767441860465116,4.770833333333333,2.2916666666666665
0.40075246877970977,1,1,-0.6638668207381725,0.729265889855722,0,0,0.4527478347750514,0,0.655990283595507,1,0,2,0,162,0.9876543209876543,4.896551724137931,2.0689655172413794
0.40075246877970977,1,2,0.021488023158475058,-0.4302630481866978,0,0,1.021244398746658,0,1.8637640609445267,2,2,3,0,162,1.0679012345679013,3.8620689655172415,2.2758620689655173
0.6213301218955173,1,0,-0.09273778415763287,-0.7781217295994237,0,0,-0.7717063030099474,1,1.1736076167450866,1,2,3,0,160,0.825,3.433333333333333,2.1666666666666665
-1.584446409262558,1,0,-1.234995857318712,-1.5318155393269965,0,0,-1.558855391586018,1,0.8285293946453669,1,0,3,0,180,0.6333333333333333,4.175,2.75
0.6213301218955173,1,0,-0.8352055317123344,-0.3143101543824558,1,1,0.4527478347750514,1,0.3109120614957871,2,2,3,0,160,1.0,3.8333333333333335,1.95
1.0624854281271323,1,2,0.47839125242290675,1.7148654871917788,0,1,0.3652868249332658,0,-0.8968617158532323,2,0,2,0,156,1.0128205128205128,5.234375,2.1875
-1.2535799295888468,1,0,-0.6638668207381725,-1.3385607163199267,0,0,-1.296472362060661,1,1.2598771722700168,1,0,3,0,177,0.6779661016949152,4.116279069767442,2.7906976744186047
0.29046364222180604,1,0,1.0495202890034463,0.574662031450066,0,0,-1.6463164014278038,1,-0.37924438270365257,1,1,1,0,163,0.6871165644171779,4.842105263157895,2.6315789473684212
0.06988598910599848,1,0,0.021488023158475058,2.062724168604505,0,1,-0.7717063030099474,1,0.1383729504459272,1,1,3,0,165,0.8,6.418181818181818,2.4
1.1727742546850362,0,0,1.0495202890034463,-0.4109375658859908,0,0,-1.558855391586018,0,-0.03416616060393269,1,3,3,0,155,0.7354838709677419,3.4615384615384617,2.3076923076923075
0.7316189484534211,0,0,-0.09273778415763287,1.618238075688244,0,0,0.8463223790630867,0,-0.8968617158532323,2,0,2,0,159,1.0628930817610063,5.409836065573771,2.1311475409836067
0.40075246877970977,1,2,-1.120770050002604,-0.3143101543824558,0,0,0.6714003593795155,0,1.2598771722700168,1,1,3,0,162,1.0185185185185186,3.9655172413793105,1.9310344827586208
-0.48155814368352035,1,0,1.0495202890034463,-0.06307888447326485,0,0,-0.9466283226935186,0,1.3461467277949468,1,0,3,0,170,0.7529411764705882,4.86,3.0
-1.143291103030943,1,0,-1.120770050002604,0.845218783659964,0,0,0.1466343003288017,0,-0.8968617158532323,2,1,2,0,176,0.8693181818181818,6.590909090909091,2.5454545454545454
0.6213301218955173,1,0,-0.09273778415763287,0.13017593853380513,0,1,-0.2469402439592336,1,0.3109120614957871,2,1,3,0,160,0.9,4.216666666666667,2.1666666666666665
-0.040402837451905274,1,0,-0.43541520610595663,0.3814072084429961,0,0,-1.777507916190482,1,1.001068505695227,1,1,3,0,166,0.6566265060240963,4.925925925925926,2.2962962962962963
-0.48155814368352035,1,2,0.47839125242290675,-0.2563337074803348,0,1,0.5839393495377299,0,-0.37924438270365257,1,1,3,0,170,0.9588235294117647,4.66,2.8
-1.4741575827046542,1,0,-1.234995857318712,-1.4351881278234617,0,0,0.3652868249332658,0,-0.8968617158532323,2,0,3,0,179,0.88268156424581,4.195121951219512,2.682926829268293
-0.37126931712561656,0,0,-0.09273778415763287,1.135101018170569,0,1,-0.33440125380101926,1,0.1383729504459272,1,0,3,0,169,0.8402366863905325,5.980392156862745,2.549019607843137
0.40075246877970977,1,0,-0.2069635914737408,-0.5848669065923537,0,0,-0.8154368079308402,1,1.001068505695227,1,3,3,0,162,0.808641975308642,3.7241379310344827,2.206896551724138
-0.040402837451905274,1,0,-0.6638668207381725,-1.1259804110121496,0,1,-1.6025858965069109,0,0.3109120614957871,1,1,3,0,166,0.6807228915662651,3.4814814814814814,2.2222222222222223
0.6213301218955173,1,0,0.7639557707131766,0.690614925254308,0,0,-0.33440125380101926,1,1.5186858388448066,1,2,3,0,160,0.8875,4.7,2.4166666666666665
0.6213301218955173,1,2,0.47839125242290675,-1.1839568579142707,0,0,0.23409531017058735,0,1.6912249498946665,1,0,2,0,160,0.96875,3.0833333333333335,2.3333333333333335
0.5110412953376136,1,0,2.1917783621645257,1.5409361464854159,0,0,-0.4218622636428049,1,2.0363031719943865,0,0,3,0,161,0.8695652173913043,5.52542372881356,2.8813559322033897
-0.9227134499151354,1,2,1.0495202890034463,-0.29498467208174883,0,1,-0.11574872919655517,0,2.2088422830442465,1,0,2,0,174,0.8448275862068966,5.021739130434782,3.260869565217391
1.3933519078008436,1,0,-0.3783023024479027,0.14950142083451212,1,1,0.5839393495377299,0,-0.7243226048033724,1,2,3,0,153,1.065359477124183,3.791044776119403,1.8656716417910448
0.8419077750113249,1,0,-0.6638668207381725,0.40073269074370305,0,1,-2.2148129653994104,1,0.655990283595507,1,2,3,0,158,0.6265822784810127,4.306451612903226,1.935483870967742
1.1727742546850362,1,0,-1.234995857318712,0.033548527030270135,0,0,0.3652868249332658,0,-0.37924438270365257,2,2,1,0,155,1.0193548387096774,3.8153846153846156,1.6923076923076923
-1.143291103030943,1,0,-1.234995857318712,-0.9520510703057867,0,0,1.1961664184302292,0,-0.8968617158532323,2,1,2,0,176,1.0056818181818181,4.4772727272727275,2.5
0.6213301218955173,1,0,-0.3783023024479027,0.2268033500373401,0,0,-0.37813175872191207,1,1.5186858388448066,1,1,3,0,160,0.88125,4.3,2.0833333333333335
0.40075246877970977,1,0,1.0495202890034463,0.45870913764582405,0,0,-1.6900469063486965,1,-0.20670527165379257,2,0,3,0,162,0.6851851851851852,4.655172413793103,2.586206896551724
1.5036407343587475,1,2,2.762907398745065,0.5360110668486521,1,0,0.01544278556612327,1,0.4834511725456472,1,0,3,0,152,0.9868421052631579,4.029411764705882,2.6470588235294117
0.8419077750113249,0,0,1.620649325583986,-1.5897919862291177,0,0,-0.2032097390383408,0,4.451850726692426,0,3,3,0,158,0.9177215189873418,2.6451612903225805,2.5806451612903225
-0.26098049056771283,1,0,-0.2069635914737408,0.16882690313521911,0,1,0.49647833969594424,1,-0.8968617158532323,2,1,3,0,168,0.9583333333333334,4.903846153846154,2.4615384615384617
0.5110412953376136,1,0,-1.234995857318712,-0.14038081367609284,0,0,-0.33440125380101926,1,0.1383729504459272,1,1,3,0,161,0.8819875776397516,4.0508474576271185,1.8644067796610169
0.6213301218955173,0,0,1.0495202890034463,0.2268033500373401,0,0,0.321556320012373,0,1.3461467277949468,1,2,3,0,160,0.98125,4.3,2.5
-0.5918469702414241,1,2,-0.6638668207381725,-1.1259804110121496,0,1,-0.4655927685636977,0,0.8285293946453669,1,3,3,0,171,0.8128654970760234,3.836734693877551,2.4489795918367347
0.5110412953376136,1,0,0.47839125242290675,-1.3385607163199267,0,1,0.540208844616837,1,-0.8968617158532323,2,1,3,0,161,1.0062111801242235,3.0,2.3728813559322033
0.29046364222180604,1,2,-0.2069635914737408,-0.3336356366831628,0,0,0.01544278556612327,0,-0.5517834937535124,1,1,3,0,163,0.9202453987730062,4.017543859649122,2.245614035087719
0.7316189484534211,1,0,-0.6638668207381725,0.2654543146387541,0,1,-0.4218622636428049,1,2.2088422830442465,1,1,3,0,159,0.8805031446540881,4.262295081967213,1.9672131147540983
-1.6947352358204617,1,0,-0.7780926280542805,-0.5268904596902327,0,1,-0.4218622636428049,0,0.1383729504459272,1,0,3,0,181,0.7734806629834254,5.615384615384615,3.0256410256410255
0.7316189484534211,0,0,0.7639557707131766,1.173751982771983,0,0,-0.159479234117448,1,-0.03416616060393269,1,0,3,0,159,0.9182389937106918,5.032786885245901,2.377049180327869
0.18017481566390225,1,0,-0.3783023024479027,0.052874009330977134,1,0,-0.2469402439592336,1,0.1383729504459272,1,1,2,0,164,0.8780487804878049,4.446428571428571,2.232142857142857
-1.2535799295888468,0,0,0.021488023158475058,1.8308183809960208,1,0,-0.5967842833263761,1,1.6912249498946665,1,0,3,0,177,0.768361581920904,7.930232558139535,3.0697674418604652
0.8419077750113249,0,2,-0.09273778415763287,0.3234307615408751,0,1,-2.302273975241196,0,0.1383729504459272,1,1,3,0,158,0.6139240506329114,4.241935483870968,2.096774193548387
0.9521966015692286,1,0,-0.09273778415763287,1.618238075688244,1,0,-0.7717063030099474,1,0.655990283595507,2,3,3,0,157,0.8407643312101911,5.238095238095238,2.0634920634920637
1.1727742546850362,1,0,0.19282673413263696,0.14950142083451212,0,0,-0.9903588276144114,0,1.5186858388448066,1,1,3,0,155,0.8193548387096774,3.9076923076923076,2.076923076923077
-0.7021357967993279,1,0,-0.09273778415763287,0.1881523854359261,1,0,0.01544278556612327,1,-0.8968617158532323,2,2,3,0,172,0.872093023255814,5.333333333333333,2.7083333333333335
0.9521966015692286,0,0,1.0495202890034463,3.1063002128426827,0,0,0.19036480524969454,0,2.5539205051439664,1,3,3,0,157,0.9808917197452229,6.4603174603174605,2.380952380952381
0.06988598910599848,1,0,0.47839125242290675,-0.5655414242916468,0,1,-1.6900469063486965,1,3.9342333935428453,0,0,3,0,165,0.6727272727272727,3.9454545454545453,2.5454545454545454
1.1727742546850362,1,3,0.3641654451067988,0.690614925254308,1,0,1.0649749036675509,0,0.3109120614957871,1,1,2,0,155,1.1225806451612903,4.338461538461538,2.123076923076923
0.18017481566390225,0,0,3.9051654719061446,0.80656781905855,1,0,-0.7279757980890545,1,2.5539205051439664,0,2,3,0,164,0.8109756097560976,5.142857142857143,3.5714285714285716
-0.040402837451905274,1,0,-1.234995857318712,-0.14038081367609284,0,1,-1.0340893325353042,1,1.5186858388448066,1,1,3,0,166,0.7590361445783133,4.425925925925926,2.037037037037037
1.724218387474555,1,0,0.7639557707131766,-1.3965371632220476,0,1,-1.0778198374561971,1,1.3461467277949468,0,0,3,0,150,0.8333333333333334,2.4857142857142858,2.0714285714285716
0.8419077750113249,1,1,-0.6638668207381725,0.671289442953601,0,0,-2.039890945715839,0,0.3109120614957871,1,1,3,0,158,0.6518987341772152,4.532258064516129,1.935483870967742
-2.135890542052077,1,0,-0.6638668207381725,-0.9327255880050797,0,1,-0.859167312851733,1,0.4834511725456472,1,0,3,0,185,0.7027027027027027,5.6571428571428575,3.4285714285714284
0.5110412953376136,1,3,2.1917783621645257,0.80656781905855,0,0,0.4090173298541586,0,-0.7243226048033724,1,0,3,0,161,0.9875776397515528,4.88135593220339,2.8813559322033897
1.0624854281271323,1,2,-0.3783023024479027,1.212402947373397,0,1,-0.8154368079308402,1,0.655990283595507,1,0,3,0,156,0.8397435897435898,4.828125,1.953125
-0.8124246233572316,1,2,-1.34922166463482,-0.06307888447326485,0,1,0.1029037954079089,0,-0.8968617158532323,2,0,2,0,173,0.8786127167630058,5.170212765957447,2.297872340425532
0.29046364222180604,1,0,1.9062138438742557,0.825893301359257,1,0,-1.1215503423770898,0,-0.03416616060393269,1,3,3,0,163,0.7607361963190185,5.0701754385964914,2.8947368421052633
0.06988598910599848,1,0,1.620649325583986,0.825893301359257,0,0,-0.2032097390383408,1,-0.20670527165379257,1,1,3,0,165,0.8787878787878788,5.254545454545455,2.909090909090909
1.0624854281271323,1,0,-0.6638668207381725,-0.0051024375711438575,0,0,-2.3460044801620885,1,1.001068505695227,0,1,2,0,156,0.6153846153846154,3.84375,1.875
1.724218387474555,1,0,-0.09273778415763287,1.4636342172825878,0,0,-1.777507916190482,0,1.1736076167450866,1,3,2,0,150,0.7266666666666667,4.6,1.8571428571428572
-0.37126931712561656,1,0,0.47839125242290675,1.019148124366327,0,1,1.021244398746658,1,0.4834511725456472,2,0,3,0,169,1.0236686390532543,5.862745098039215,2.7450980392156863
0.40075246877970977,1,0,-0.3783023024479027,1.038473606667034,0,0,0.9337833889048723,0,-0.8968617158532323,2,2,3,0,162,1.0555555555555556,5.172413793103448,2.1551724137931036
0.6213301218955173,1,0,0.47839125242290675,0.903195230562085,0,0,0.8900528839839795,0,0.1383729504459272,1,2,3,0,160,1.0625,4.883333333333334,2.3333333333333335
2.4962401733798814,1,0,-0.3783023024479027,1.115775535869862,0,0,0.540208844616837,1,-0.8968617158532323,2,3,2,0,143,1.132867132867133,3.948051948051948,1.6233766233766234
-2.135890542052077,1,0,-0.3211893987898487,0.690614925254308,0,0,0.27782581509148013,1,-0.8968617158532323,2,0,3,0,185,0.8432432432432433,8.057142857142857,3.6
1.724218387474555,1,2,1.620649325583986,0.4393836553451171,0,1,-1.6463164014278038,1,1.6049553943697366,1,1,3,0,150,0.7466666666666667,3.842857142857143,2.2857142857142856
0.5110412953376136,0,0,2.4202299767967417,0.052874009330977134,0,1,-0.29067074888012645,1,-0.8968617158532323,1,0,2,0,161,0.8881987577639752,4.220338983050848,2.9491525423728815
1.0624854281271323,1,0,0.7639557707131766,-0.6621688357951817,0,0,-0.7717063030099474,0,0.8285293946453669,1,2,1,0,156,0.8461538461538461,3.3125,2.265625
0.29046364222180604,1,0,1.1637460963195543,0.5360110668486521,0,1,-2.6958485195292314,1,0.1383729504459272,1,1,3,0,163,0.5398773006134969,4.807017543859649,2.6666666666666665
0.18017481566390225,1,0,0.021488023158475058,-1.2032823402149777,0,0,-1.9524299358740533,1,0.914798950170297,1,1,1,0,164,0.6402439024390244,3.2857142857142856,2.357142857142857
-0.7021357967993279,1,0,-0.43541520610595663,0.5360110668486521,0,0,0.7151308643004083,0,-0.4655139382285825,1,0,3,0,172,0.9651162790697675,5.708333333333333,2.5833333333333335
0.18017481566390225,0,0,0.135713830474583,3.1449511774440966,0,0,0.01544278556612327,1,0.7422598391204369,1,2,3,0,164,0.9146341463414634,7.303571428571429,2.392857142857143
1.28306308124294,1,1,1.620649325583986,-0.0051024375711438575,0,1,-1.296472362060661,1,-0.8968617158532323,1,3,1,0,154,0.7792207792207793,3.727272727272727,2.4242424242424243
-0.040402837451905274,1,1,3.4482622426417127,0.709940407555015,0,0,1.9833155070063,0,-0.8968617158532323,2,1,3,0,166,1.1746987951807228,5.2407407407407405,3.5555555555555554
1.6139295609166513,1,2,0.47839125242290675,0.14950142083451212,0,0,-0.159479234117448,0,0.8285293946453669,1,3,3,0,151,0.9668874172185431,3.681159420289855,2.028985507246377
-0.37126931712561656,1,0,0.47839125242290675,0.99982264206562,0,1,-1.2090113522188755,1,2.7264596161938264,1,3,3,0,169,0.7218934911242604,5.8431372549019605,2.7450980392156863
-1.2535799295888468,1,0,0.021488023158475058,0.01422304472956314,1,0,-0.29067074888012645,1,-0.8105921603283024,1,4,3,0,177,0.807909604519774,5.744186046511628,3.0697674418604652
0.8419077750113249,0,0,0.3641654451067988,0.922520712862792,1,1,-1.9086994309531606,0,0.7422598391204369,1,3,2,0,158,0.6708860759493671,4.741935483870968,2.225806451612903
1.3933519078008436,1,0,-1.8061248938992518,1.019148124366327,0,0,-1.0778198374561971,1,-0.12043571612886263,1,2,2,0,153,0.8169934640522876,4.462686567164179,1.492537313432836
0.5110412953376136,1,3,1.620649325583986,0.516685584547945,0,0,-1.0778198374561971,0,-0.8968617158532323,2,0,2,0,161,0.7763975155279503,4.627118644067797,2.711864406779661
-1.033002276473039,1,0,0.5926170597390147,1.212402947373397,0,0,-0.11574872919655517,1,-0.8968617158532323,1,3,3,0,175,0.84,6.866666666666666,3.1555555555555554
0.40075246877970977,1,0,-0.2069635914737408,0.2461288323380471,0,0,-0.859167312851733,1,1.6912249498946665,1,2,3,0,162,0.8024691358024691,4.4655172413793105,2.206896551724138
-0.48155814368352035,1,0,0.7068428670551227,-0.8940746234036657,0,0,-1.0340893325353042,1,-0.12043571612886263,1,0,3,0,170,0.7411764705882353,4.0,2.88
0.8419077750113249,0,0,1.0495202890034463,-0.043753402172557854,0,1,0.19036480524969454,1,0.3109120614957871,1,0,2,0,158,0.9746835443037974,3.935483870967742,2.4193548387096775
-1.8050240623783655,1,3,-0.6638668207381725,-0.29498467208174883,0,1,1.4148189430346934,1,2.381381394094106,1,0,3,0,182,1.0,6.078947368421052,3.1578947368421053
1.28306308124294,0,0,2.648681591428957,-0.3529611189838698,1,1,0.6714003593795155,1,-0.03416616060393269,1,2,3,0,154,1.0714285714285714,3.4545454545454546,2.696969696969697
-0.26098049056771283,1,0,-1.120770050002604,-0.3143101543824558,0,1,0.4527478347750514,0,-0.8968617158532323,2,1,2,0,168,0.9523809523809523,4.423076923076923,2.1538461538461537
-0.15069166400980905,1,0,-0.4925281097640106,0.690614925254308,0,1,-2.3897349850829817,1,0.8285293946453669,1,2,3,0,167,0.5688622754491018,5.320754716981132,2.3207547169811322
0.9521966015692286,0,0,-1.34922166463482,0.4393836553451171,0,1,0.8463223790630867,1,0.655990283595507,1,2,2,0,157,1.0764331210191083,4.26984126984127,1.7142857142857142
-0.040402837451905274,1,0,-1.234995857318712,-0.7781217295994237,0,0,-1.821238421111375,1,-0.8968617158532323,1,1,2,0,166,0.6506024096385542,3.814814814814815,2.037037037037037
1.28306308124294,1,0,-1.120770050002604,-0.6621688357951817,0,0,-0.7717063030099474,1,-0.8105921603283024,2,1,2,0,154,0.8571428571428571,3.212121212121212,1.696969696969697
0.06988598910599848,0,0,2.762907398745065,1.5602616287861228,0,2,-1.4276638768233396,1,2.0363031719943865,1,0,2,0,165,0.7090909090909091,5.945454545454545,3.272727272727273
-0.5918469702414241,1,2,-0.7780926280542805,-1.8796742207397226,0,0,-1.0340893325353042,0,-0.20670527165379257,2,3,2,0,171,0.7368421052631579,3.0408163265306123,2.4081632653061225
-0.040402837451905274,1,0,-0.5496410134220646,0.767916854457136,0,0,-1.4713943817442323,1,1.8637640609445267,1,2,2,0,166,0.6987951807228916,5.296296296296297,2.259259259259259
0.18017481566390225,1,0,-0.09273778415763287,0.709940407555015,1,0,-2.039890945715839,1,0.4834511725456472,0,0,3,0,164,0.6280487804878049,5.053571428571429,2.3214285714285716
-0.9227134499151354,1,0,-0.6638668207381725,0.052874009330977134,0,0,-0.2469402439592336,0,-0.20670527165379257,2,0,3,0,174,0.8275862068965517,5.413043478260869,2.608695652173913
0.7316189484534211,1,3,0.135713830474583,-0.23700822517962783,0,1,-0.2032097390383408,0,1.3461467277949468,1,2,2,0,159,0.9119496855345912,3.8360655737704916,2.19672131147541
1.3933519078008436,1,0,-0.6638668207381725,-0.17903177827750683,0,1,-3.439267103184409,0,-0.03416616060393269,1,0,2,0,153,0.46405228758169936,3.537313432835821,1.791044776119403
0.40075246877970977,1,0,-1.8061248938992518,-0.23700822517962783,0,1,0.27782581509148013,0,-0.8105921603283024,2,1,3,0,162,0.9629629629629629,4.0344827586206895,1.7241379310344827
-0.8124246233572316,1,0,-1.234995857318712,0.555336549149359,0,0,-1.3839333719024467,1,-0.03416616060393269,1,1,2,0,173,0.6820809248554913,5.851063829787234,2.3404255319148937
-0.26098049056771283,1,0,-0.3783023024479027,-0.6621688357951817,0,1,0.8025918741421939,0,-0.03416616060393269,2,2,3,0,168,1.0,4.076923076923077,2.4038461538461537
0.40075246877970977,1,0,0.8210686743712305,-0.5462159419909398,0,1,-1.9524299358740533,0,0.8285293946453669,1,1,3,0,162,0.6481481481481481,3.7586206896551726,2.5172413793103448
0.29046364222180604,1,1,-0.43541520610595663,0.2847797969394611,0,1,-0.37813175872191207,0,-0.6380530492784424,2,0,3,0,163,0.8650306748466258,4.578947368421052,2.175438596491228
0.40075246877970977,0,1,0.24993963779069092,1.405657770380467,1,0,0.1029037954079089,0,-0.8968617158532323,2,2,2,0,162,0.9382716049382716,5.5,2.3448275862068964
0.7316189484534211,1,0,0.3641654451067988,-1.5511410216277035,0,0,-1.0778198374561971,1,2.2088422830442465,1,1,2,0,159,0.7861635220125787,2.721311475409836,2.262295081967213
-1.3638687561467504,1,0,0.24993963779069092,1.3283558411776388,0,1,-1.0778198374561971,1,0.655990283595507,1,0,1,0,178,0.702247191011236,7.5,3.238095238095238
-0.26098049056771283,1,0,-0.2069635914737408,-0.8167726942008378,1,1,0.27782581509148013,1,-0.03416616060393269,1,0,0,0,168,0.9285714285714286,3.923076923076923,2.4615384615384617
0.5110412953376136,1,2,-0.3211893987898487,-0.5462159419909398,1,1,-0.6842452931681617,0,1.001068505695227,1,1,1,0,161,0.8322981366459627,3.694915254237288,2.135593220338983
-1.584446409262558,1,0,1.1637460963195543,-0.44958853048740477,0,1,1.3710884381138004,0,-0.8968617158532323,2,0,3,0,180,1.0055555555555555,5.575,3.8
0.7316189484534211,1,0,0.47839125242290675,-0.7587962472987168,0,0,-0.5093232734845905,1,0.7422598391204369,2,1,3,0,159,0.8679245283018868,3.3934426229508197,2.2950819672131146
-0.9227134499151354,1,0,0.47839125242290675,1.251053911974811,0,1,-1.296472362060661,1,0.655990283595507,1,2,3,0,174,0.6896551724137931,6.760869565217392,3.0434782608695654
0.5110412953376136,1,3,0.135713830474583,-0.8167726942008378,0,1,0.540208844616837,0,-0.20670527165379257,2,2,2,0,161,1.0062111801242235,3.457627118644068,2.2711864406779663
0.29046364222180604,1,1,1.2779719036356623,-0.2756591897810418,0,0,0.6276698544586227,0,-0.8968617158532323,2,1,2,0,163,1.0061349693251533,4.0701754385964914,2.7017543859649122
0.29046364222180604,1,0,-1.234995857318712,1.7148654871917788,0,1,-0.29067074888012645,1,1.6912249498946665,1,1,3,0,163,0.8773006134969326,5.87719298245614,1.9298245614035088
0.06988598910599848,0,0,-0.2069635914737408,-0.7974472119001307,0,2,-0.859167312851733,1,0.8285293946453669,1,1,3,0,165,0.7878787878787878,3.727272727272727,2.327272727272727
0.7316189484534211,1,0,0.9352944816873384,-0.8360981765015447,0,1,0.49647833969594424,0,-0.8968617158532323,2,1,3,0,159,1.0125786163522013,3.3278688524590163,2.4262295081967213
0.40075246877970977,1,0,-1.0065442426864963,1.38633228807976,0,2,-0.4218622636428049,0,2.8989987272436863,0,3,1,0,162,0.8641975308641975,5.482758620689655,1.9655172413793103
0.40075246877970977,0,0,2.1917783621645257,-0.4109375658859908,1,0,-0.159479234117448,1,1.5186858388448066,1,2,1,0,162,0.9012345679012346,3.8793103448275863,2.9310344827586206
1.3933519078008436,1,2,1.1637460963195543,-0.6621688357951817,0,0,0.01544278556612327,0,-0.20670527165379257,1,0,3,0,153,0.9803921568627451,3.1641791044776117,2.2686567164179103
-1.143291103030943,1,0,-0.6638668207381725,-1.4931645747255826,0,1,-0.2469402439592336,1,1.5186858388448066,0,0,1,0,176,0.8181818181818182,3.840909090909091,2.727272727272727
0.9521966015692286,1,0,0.47839125242290675,-1.1453058933128566,0,0,-0.2469402439592336,1,2.5539205051439664,2,2,3,0,157,0.9171974522292994,2.9682539682539684,2.2222222222222223
0.9521966015692286,0,0,-0.43541520610595663,-0.9520510703057867,0,1,-0.5967842833263761,1,-0.8968617158532323,1,0,2,0,157,0.8662420382165605,3.126984126984127,1.9682539682539681
0.5110412953376136,1,0,1.849100940216202,-1.3578861986206336,1,0,-2.6083875096874456,0,-0.03416616060393269,1,2,1,0,161,0.5590062111801242,2.983050847457627,2.7796610169491527
0.29046364222180604,0,0,0.47839125242290675,-0.10172984907467884,0,1,-1.1652808472979828,1,-0.7243226048033724,1,0,3,0,163,0.754601226993865,4.228070175438597,2.456140350877193
-1.033002276473039,1,3,-1.234995857318712,0.3427562438415821,0,1,-0.7717063030099474,0,0.1383729504459272,1,0,3,0,175,0.7542857142857143,5.866666666666666,2.4444444444444446
1.5036407343587475,1,0,0.7068428670551227,-1.0293529995086146,1,1,-0.37813175872191207,0,2.0363031719943865,1,2,3,0,152,0.9276315789473685,2.838235294117647,2.1176470588235294
0.29046364222180604,1,0,-0.09273778415763287,-2.2275329021524484,0,1,-1.5151248866651252,1,0.1383729504459272,1,1,3,0,163,0.7055214723926381,2.2982456140350878,2.280701754385965
0.29046364222180604,0,1,-0.09273778415763287,-0.19835726057821382,0,0,1.0649749036675509,0,-0.8968617158532323,1,1,2,0,163,1.0674846625766872,4.140350877192983,2.280701754385965
